{"cameraMode":{"drawMode":0,"name":"Shaded","section":"Shading Mode"},"sceneLighting":true,"audioPlay":false,"sceneViewState":{"showFog":true,"showMaterialUpdate":false,"showSkybox":true,"showFlares":true,"showImageEffects":true,"showParticleSystems":true},"in2DMode":false,"pivot":{"x":-7.893803596496582,"y":0.126922607421875,"z":3.0654869079589845},"rotation":{"x":0.3002132773399353,"y":-0.08937057107686997,"z":0.028276845812797548,"w":0.9492551684379578},"size":37.08848571777344,"orthographic":false}